{
  "n_samples": 500,
  "k_max": 20,
  "N_cert_0.01": 3,
  "L2_error_at_N_cert": 6.171929491804693e-16,
  "certificate_errors_first_10": [
    0.301622006827757,
    0.08548976741964409,
    6.171929491804693e-16,
    6.7008343739229515e-16,
    6.740884468012385e-16,
    7.344174093035422e-16,
    7.32091470820198e-16,
    7.40031091708177e-16,
    7.42339223846957e-16,
    7.969847573925164e-16
  ],
  "cheb_coeffs_first_5": [
    0.3750000000000006,
    0.49999999999999967,
    0.12500000000000008,
    -5.158338598488484e-16,
    3.499265228605923e-17
  ]
}