{
  "subject": "sub-02",
  "num_samples": 300,
  "num_voxels": 37192,
  "N_90_var": 1,
  "N_95_var": 1,
  "N_99_var": 1,
  "cumvar_first_10": [
    0.35211697220802307,
    0.4064437747001648,
    0.43894442915916443,
    0.46462491154670715,
    0.4893054962158203,
    0.5092952251434326,
    0.5240204930305481,
    0.5356408357620239,
    0.5465620756149292,
    0.5566134452819824
  ]
}