{
  "subject": "sub-01",
  "num_samples": 300,
  "num_voxels": 30515,
  "N_90_var": 1,
  "N_95_var": 1,
  "N_99_var": 1,
  "cumvar_first_10": [
    0.2222430408000946,
    0.3207627832889557,
    0.3580983281135559,
    0.3915833532810211,
    0.42044055461883545,
    0.4339239001274109,
    0.44608864188194275,
    0.4571358561515808,
    0.46697208285331726,
    0.4760332703590393
  ]
}