{
  "subject": "sub-03",
  "num_samples": 300,
  "num_voxels": 27732,
  "N_90_var": 5,
  "N_95_var": 1,
  "N_99_var": 1,
  "cumvar_first_10": [
    0.6916919350624084,
    0.8433461785316467,
    0.8870055079460144,
    0.8956558108329773,
    0.9016606211662292,
    0.9066243767738342,
    0.9103440642356873,
    0.9135965704917908,
    0.916192352771759,
    0.9182823300361633
  ]
}